id,Agent,Group
0,Formaldehyde,1
1,Phenobarbital,2B
2,Mitomycin C,2B
3,Cyclophosphamide,1
4,DDT (4.4'-Dichlorodiphenyltrichloroethane),2A
5,Benzo[<i>a</i>]pyrene,1
6,Phenylbutazone,3
7,Clomiphene citrate,3
8,6-Mercaptopurine,3
9,Reserpine,3
10,Actinomycin D,3
11,Pronetalol hydrochloride,3
12,Piperonyl butoxide,3
13,2.4.6-Tris(1-aziridinyl)-<i>s</i>-triazine,3
14,5-Fluorouracil,3
15,Propylthiouracil,2B
16,Nitrogen mustard,2A
17,Ethyl carbamate (Urethane),2A
18,Spironolactone,3
19,Thiotepa,1
20,Apholate,3
21,Trichlorfon,3
22,Prednisone,3
23,Dibenz[<i>a</i>.<i>h</i>]anthracene,2A
24,Chloroquine,3
25,Furosemide (Frusemide),3
26,Isonicotinic acid hydrazide (Isoniazid),3
27,<i>N</i>-Nitrosodiethylamine,2A
28,1.4-Butanediol dimethanesulfonate (see Busulfan),unknown
29,Busulfan,1
30,Myleran (see Busulfan),unknown
31,Methylthiouracil,2B
32,Carbon tetrachloride,2B
33,Cantharidin,3
34,Parathion,2B
35,Diethylstilbestrol,1
36,Benz[<i>a</i>]anthracene,2B
37,Chloramphenicol,2A
38,Allyl isothiocyanate,3
39,1.1-Dimethylhydrazine,2B
40,Tris(2-methyl-1-aziridinyl)phosphine oxide,3
41,Phenytoin,2B
42,beta-Propiolactone,2B
43,Sulfamethazine,3
44,Chlordane,2B
45,Cholesterol,3
46,Caffeine,3
47,Pyrimethamine,3
48,Theophylline,3
49,Lindane (see also Hexachlorocyclohexanes),1
50,Hydrochlorothiazide,2B
51,Methotrexate,3
52,Nitrofural (Nitrofurazone),3
53,<i>N</i>-Nitrosomorpholine,2B
54,<i>para</i>-Aminoazobenzene,2B
55,<i>para</i>-Dimethylaminoazobenzene,2B
56,Acetamide,2B
57,Methimazole,3
58,Dieldrin (see Dieldrin. and aldrin metabolized to dieldrin),unknown
59,Dieldrin. and aldrin metabolized to dieldrin,2A
60,Niridazole,2B
61,Amitrole,3
62,Phenacetin,1
63,Ethyl methanesulfonate,2B
64,Aniline,3
65,Thioacetamide,2B
66,Thiourea,3
67,Dichlorvos,2B
68,<i>N</i>-Nitrosodimethylamine,2A
69,Carbaryl,3
70,Phenoxybenzamine hydrochloride,2B
71,Ethanol in alcoholic beverages,1
72,Diethyl sulfate,2A
73,Methyl methanesulfonate,2A
74,Uracil mustard,2B
75,Nitrofurantoin,3
76,Furazolidone,3
77,Isopropyl alcohol,3
78,Chloroform,2B
79,Hexachloroethane,2B
80,Dimethylformamide,2A
81,Tris(aziridinyl)-<i>para</i>-benzoquinone (Triaziquone),3
82,Ampicillin,3
83,<i>N</i>-Methyl-<i>N</i>´-nitro-<i>N</i>-nitrosoguanidine (MNNG),2A
84,Hexachlorophene,3
85,Benzene,1
86,1.1.1-Trichloroethane,3
87,Medroxyprogesterone acetate,2B
88,Endrin,3
89,Methoxychlor,3
90,Trypan blue,2B
91,Methyl bromide,3
92,Ethylene,3
93,Methyl chloride,3
94,Methyl iodide,3
95,Bromoethane,3
96,Chloroethane,3
97,Vinyl chloride,1
98,Vinyl fluoride,2A
99,Acetaldehyde,2B
100,Acetaldehyde associated with consumption of alcoholic beverages,1
101,Dichloromethane (Methylene chloride),2A
102,Ethylene oxide,1
103,Bromoform,3
104,Bromodichloromethane,2B
105,Vinylidene chloride,2B
106,Vinylidene fluoride,3
107,Chlorodifluoromethane,3
108,Nitromethane,2B
109,2-Methylaziridine (Propyleneimine),2B
110,Propylene oxide,2B
111,Dimethylarsinic acid,2B
112,Chloral,2A
113,2-Chloro-1.1.1-trifluoroethane,3
114,Pentachloroethane,3
115,Trichloroacetic acid,2B
116,Heptachlor,2B
117,Phenolphthalein,2B
118,Dimethyl sulfate,2A
119,Isoprene,2B
120,1.2-Dichloropropane,1
121,Methylglyoxal,3
122,1.1.2-Trichloroethane,3
123,Trichloroethylene,1
124,Acrylamide,2A
125,Acrylic acid,3
126,1.1.2.2-Tetrachloroethane,2B
127,Dichloroacetic acid,2B
128,Dimethylcarbamoyl chloride,2A
129,2-Nitropropane,2B
130,Tetrabromobisphenol A,2A
131,Dapsone,3
132,Methyl methacrylate,3
133,Saccharin and its salts,3
134,Musk xylene,3
135,1-Amino-2.4-dibromoanthraquinone,2B
136,Rhodamine B,3
137,1-Amino-2-methylanthraquinone,3
138,Quintozene (Pentachloronitrobenzene),3
139,Acenaphthene,3
140,Diacetylaminoazotoluene,3
141,Musk ambrette,3
142,Theobromine,3
143,Anthraquinone,2B
144,Phenanthrene,3
145,Butyl benzyl phthalate,3
146,Scarlet Red,3
147,Yellow AB,3
148,Sudan III,3
149,<i>N</i>-Nitrosodiphenylamine,3
150,Hydralazine,3
151,1-Nitronaphthalene,3
152,Fluorene,3
153,Carbazole,2B
154,1-Naphthylthiourea (ANTU),3
155,Cinnamyl anthranilate,3
156,2.6-Dimethylaniline (2.6-Xylidine),2B
157,Hexachlorobutadiene,3
158,Pentachlorophenol (see also Polychlorophenols),1
159,2.4.6-Trimethylaniline,3
160,2.4.6-Trichlorophenol (see also Polychlorophenols),2B
161,<i>N</i>-Vinyl-2-pyrrolidone,3
162,2-Nitrotoluene,2A
163,Chloronitrobenzenes,3
164,Pulegone,2B
165,<i>ortho</i>-Anisidine,2B
166,<i>ortho</i>-Phenylphenol,3
167,Penicillic acid,3
168,Michler’s ketone [4.4´-Bis(dimethylamino)­benzophenone],2B
169,Naphthalene,2B
170,2-Nitroanisole,2B
171,2-Naphthylamine,1
172,Coumarin,3
173,3.3'-Dimethoxybenzidine-4.4'-diisocyanate,3
174,3.3'-Dichlorobenzidine,2B
175,4-Aminobiphenyl,1
176,Benzidine,1
177,4-Nitrobiphenyl,3
178,Methyleugenol,2B
179,Benzoyl peroxide,3
180,Dihydrosafrole,2B
181,Safrole,2B
182,2.4-D (2.4-dichlorophenoxyacetic acid) (See also Chlorophenoxy herbicides),2B
183,Sulfallate,2B
184,<i>ortho</i>-Dichlorobenzene,3
185,<i>orth</i>o-Toluidine,1
186,2.4-Xylidine,3
187,4-Chloro-<i>ortho</i>-toluidine,2A
188,2.5-Diaminotoluene,3
189,2.5-Xylidine,3
190,5-Chloro-<i>ortho</i>-toluidine,3
191,2.4-Diaminotoluene,2B
192,4-Chloro-<i>ortho</i>-phenylenediamine,2B
193,Styrene-7.8-oxide,2A
194,1.2-Dibromo-3-chloropropane,2B
195,2.3-Dibromopropan-1-ol,2B
196,1.2.3-Trichloropropane,2A
197,1.3-Dichloro-2-propanol,2B
198,3-Monochloro-1.2-propanediol,2B
199,Methyl acrylate,3
200,Ethylenethiourea,3
201,gamma-Butyrolactone,3
202,Eugenol,3
203,<i>ortho</i>-Aminoazotoluene,2B
204,Disulfiram,3
205,Furfuryl alcohol ,2B
206,Furfural,3
207,Cumene,2B
208,a-Methylstyrene,2B
209,Nitrobenzene,2B
210,Nitrotoluenes,3
211,5-Nitro-<i>ortho</i>-toluidine,3
212,1.2-Diamino-4-nitrobenzene,3
213,2-Amino-4-nitrophenol,3
214,5-Nitro-<i>ortho</i>-anisidine,3
215,<i>N</i>-Methyl-<i>N</i>.4-dinitrosoaniline,3
216,Dimethyl-p-toluidine,2B
217,4-Vinylcyclohexene,2B
218,Ethylbenzene,2B
219,Styrene,2B
220,<i>N</i>-Nitrosopiperidine,2B
221,4.4'-Methylenebis(2-chloroaniline) (MOCA),1
222,Chloropropham,3
223,Dinitrosopentamethylenetetramine,3
224,Michler’s base [4.4´-methylenebis(<i>N</i>.<i>N</i>-dimethyl)­benzenamine],2B
225,4.4'-Methylenediphenyl diisocyanate,3
226,4.4'-Methylenedianiline,2B
227,4.4'-Diaminodiphenyl ether,2B
228,Diglycidyl resorcinol ether,2B
229,<i>meta</i>-Cresidine,3
230,Triethanolamine,3
231,Phenicarbazide,3
232,2-Ethylhexyl acrylate,3
233,Di(2-ethylhexyl) adipate,3
234,Azobenzene,3
235,Acetaminophen (see Paracetamol),unknown
236,Paracetamol,3
237,<i>para</i>-Anisidine,3
238,<i>para</i>-Benzoquinone dioxime,3
239,<i>N</i>.<i>N</i>'-Diethylthiourea,3
240,Caprolactam,4
241,Lauroyl peroxide,3
242,<i>para</i>-Dichlorobenzene,2B
243,<i>para</i>-Chloroaniline,2B
244,<i>para</i>-Phenylenediamine,3
245,<i>para</i>-Quinone,3
246,4-Vinylcyclohexene diepoxide,2B
247,1.2-Epoxybutane,2B
248,Epichlorohydrin,2A
249,Ethylene dibromide,2A
250,1-Bromopropane,2B
251,1.3-Butadiene,1
252,Acrolein,3
253,Allyl chloride,3
254,1.2-Dichloroethane,2B
255,Acrylonitrile,2B
256,Chloroacetonitrile,3
257,Chloromethyl methyl ether (see Bis(chloromethyl)ether; chloromethyl methyl ether),unknown
258,Vinyl acetate,2B
259,Methyl isobutyl ketone,2B
260,Succinic anhydride,3
261,<i>meta</i>-Phenylenediamine,3
262,Resorcinol,3
263,Bis(2-chloro-1-methylethyl)ether,3
264,Melamine,2B
265,Toluene,3
266,Cyclohexanone,3
267,Phenol,3
268,Tetrahydrofuran,2B
269,Furan,2B
270,<i>trans</i>-1.4-Dichlorobutene,3
271,Pyridine,2B
272,Morpholine,3
273,Diethanolamine,2B
274,Bis(2-chloroethyl)ether,3
275,2-Butoxyethanol,3
276,Azaserine,2B
277,Propylene,3
278,Chlorendic acid,2B
279,Dicofol,3
280,Tris(2-chloroethyl) phosphate,3
281,Aldicarb,3
282,Tetrafluoroethylene,2A
283,Dantron (Chrysazin; 1.8-Dihydroxyanthraquinone),2B
284,Quercetin,3
285,2-Aminoanthraquinone,3
286,Bis(2-ethylhexyl) phthalate (see Di(2-ethylhexyl) phthalate),unknown
287,Di(2-ethylhexyl)phthalate,2B
288,Hexachlorobenzene,2B
289,Anthranilic acid,3
290,2.4.6-Trinitrotoluene,3
291,4-Amino-2-nitrophenol,3
292,Benzophenone,2B
293,3.3'-Dimethoxybenzidine (<i>ortho</i>-Dianisidine),2B
294,3.3'-Dimethylbenzidine (<i>ortho</i>-Tolidine),2B
295,Anthracene,3
296,Isosafrole,3
297,<i>para</i>-Cresidine,2B
298,Catechol,2B
299,2.4-Dinitrotoluene,2B
300,2-Amino-5-nitrothiazole,3
301,<i>N</i>.<i>N</i>-Dimethylaniline,3
302,Malathion,2A
303,2-Amino-5-nitrophenol,3
304,Simazine,3
305,Propham,3
306,Phenyl glycidyl ether,2B
307,Hydroquinone,3
308,Maleic hydrazide,3
309,β-Myrcene,2B
310,1.4-Dioxane,2B
311,Chlorodibromomethane,3
312,Methylarsonic acid,2B
313,Monomethylarsonic acid (see Methylarsonic acid),unknown
314,Primidone,2B
315,Griseofulvin,2B
316,Tris(2.3-dibromopropyl) phosphate,2A
317,Nitrogen mustard <i>N</i>-oxide,2B
318,Chloroprene,2B
319,Hydroxyurea,3
320,Tetrachloroethylene (Perchloroethylene),2A
321,Sulfafurazole (Sulfisoxazole),3
322,Butylated hydroxytoluene (BHT),3
323,Vat Yellow 4,3
324,Pyrene,3
325,2-Methyl-1-nitroanthraquinone (uncertain purity),2B
326,Blue VRS,3
327,Oxyphenbutazone,3
328,1-Hydroxyanthraquinone,2B
329,Yellow OB,3
330,Sodium <i>ortho</i>-phenylphenate,2B
331,Dibenzothiophene,3
332,Captan,3
333,1-Naphthylamine,3
334,<i>N</i>-Phenyl-2-naphthylamine,3
335,Phenazopyridine hydrochloride,2B
336,2.4.5-Trimethylaniline,3
337,Thiram,3
338,Ziram,3
339,Shikimic acid,3
340,Cyclamates (sodium cyclamate),3
341,Nitrilotriacetic acid and its salts,2B
342,4.4'-Thiodianiline,2B
343,Nithiazide,3
344,Benzyl acetate,3
345,<i>para</i>-Dimethylaminoazobenzenediazo sodium sulfonate,3
346,Aramite®,2B
347,Ethyl acrylate,2B
348,<i>n</i>-Butyl acrylate,3
349,3.4-Epoxy-6-methylcyclohexylmethyl-3.4-epoxy-6-methylcyclo-hexanecarboxylate,3
350,Thiouracil,2B
351,2.4-Hexadienal,2B
352,Chlordecone (Kepone),2B
353,Vinblastine sulfate,3
354,Methyl selenac,3
355,Sodium diethyldithiocarbamate,3
356,8-Hydroxyquinoline,3
357,Melphalan,1
358,Patulin,3
359,2-Mercaptobenzothiazole,2A
360,<i>para</i>-Aminobenzoic acid,3
361,Monuron,3
362,Dulcin,3
363,Aziridine,2B
364,Bischloroethyl nitrosourea (BCNU),2A
365,<i>para</i>-Nitrosodiphenylamine,3
366,Phenelzine sulfate,3
367,Dibenzo[<i>a</i>.<i>i</i>]pyrene,2B
368,Dibenzo[<i>a</i>.<i>h</i>]pyrene,2B
369,Coronene,3
370,Benzo[<i>ghi</i>]perylene,3
371,Anthanthrene,3
372,Dibenzo[<i>a</i>.<i>l</i>]pyrene,2A
373,Dibenzo[<i>h</i>.<i>rst</i>]pentaphene,3
374,Dibenzo[<i>e</i>.<i>l</i>]pyrene,3
375,Dibenzo[<i>a</i>.<i>e</i>]pyrene,3
376,Benzo[<i>e</i>]pyrene,3
377,Naphtho[2.3-<i>e</i>]pyrene,3
378,Indeno[1.2.3-<i>cd</i>]pyrene,2B
379,7H-Dibenzo[<i>c</i>.<i>g</i>]carbazole,2B
380,Benzo[<i>c</i>]phenanthrene,2B
381,Benzo[<i>g</i>]chrysene,3
382,Perylene,3
383,Benz[<i>j</i>]aceanthrylene,2B
384,11H-Benz[<i>bc</i>]aceanthrylene,3
385,4H-Cyclopenta[<i>def</i>]chrysene,3
386,Benzo[<i>ghi</i>]fluoranthene,3
387,Naphtho[2.1-<i>a</i>]fluoranthene,3
388,Benzo[<i>a</i>]fluoranthene,3
389,Benzo[<i>c</i>]fluorene,3
390,Benzo[<i>j</i>]fluoranthene,2B
391,Benzo[<i>b</i>]fluoranthene,2B
392,Fluoranthene,3
393,Benzo[<i>k</i>]fluoranthene,2B
394,13H-Dibenzo[<i>a</i>.<i>g</i>]fluorene,3
395,Benz[<i>l</i>]aceanthrylene,3
396,Picene,3
397,Benzo[<i>b</i>]chrysene,3
398,Dibenz[<i>a</i>.<i>c</i>]anthracene,3
399,Triphenylene,3
400,Chrysene,2B
401,Dibenz[<i>a</i>.<i>j</i>]anthracene,3
402,Dibenz[<i>a</i>.<i>j</i>]acridine,2A
403,Dibenz[<i>c</i>.<i>h</i>]acridine,2B
404,Benz[<i>a</i>]acridine,3
405,Benz[<i>c</i>]acridine,3
406,Dibenz[<i>a</i>.<i>h</i>]acridine,2B
407,Benzo[<i>a</i>]fluorene,3
408,Benzo[<i>b</i>]naphtho[2.1-d]thiophene,3
409,Benzo[<i>b</i>]fluorene,3
410,Dibenzo-<i>para</i>-dioxin,3
411,Benzofuran,2B
412,Methyl parathion,3
413,Treosulfan,1
414,Hydrazine,2A
415,Chloral hydrate,2A
416,Lasiocarpine,2B
417,Ochratoxin A,2B
418,Chlorambucil,1
419,Aldrin (see Dieldrin. and aldrin metabolized to dieldrin),unknown
420,Aristolochic acid,1
421,Aristolochic acid. plants containing,1
422,Evans blue,3
423,Zectran,3
424,Monocrotaline,2B
425,Azacitidine,2A
426,Caffeic acid,2B
427,Diazinon,2A
428,Diazomethane,3
429,Perfluorooctanoic acid (PFOA),2B
430,Procarbazine hydrochloride,2A
431,Triamterene,2B
432,Ethylene sulfide,3
433,Diazepam,3
434,Metronidazole,2B
435,Azathioprine,1
436,Retrorsine,3
437,Seneciphylline,3
438,5-Methoxypsoralen,2A
439,2.4'-Diphenyldiamine,3
440,Auramine,2B
441,Methyl red,3
442,Chlornaphazine,1
443,<i>N</i>.<i>N</i>-Bis(2-chloroethyl)-2-naphthylamine (see Chlornaphazine),unknown
444,Acridine orange,3
445,Kojic acid,3
446,Mustard gas (see Sulfur mustard),unknown
447,Sulfur mustard,1
448,Tetranitromethane,2B
449,Chlorobenzilate,3
450,1-Chloro-2-methylpropene,2B
451,Citrinin,3
452,Kaempferol,3
453,CI Acid Orange 20,3
454,Orange I (see CI Acid Orange 20),unknown
455,Merphalan,2B
456,<i>N</i>-[4-(5-Nitro-2-furyl)-2-thiazolyl]acetamide,2B
457,Chrysoidine,3
458,Ethionamide,3
459,1.2-Dimethylhydrazine,2A
460,<i>meta</i>-Dichlorobenzene,3
461,1.3-Dichloropropene (technical-grade),2B
462,Malonaldehyde,3
463,Bis(chloromethyl)ether; chloromethyl methyl ether,1
464,Trichloroacetonitrile,3
465,Tris(1-aziridinyl)phosphine oxide,3
466,Mannomustine dihydrochloride,3
467,1-[(5-Nitrofurfurylidene)amino]-2-imidazolidinone,2B
468,Glycidol,2A
469,Doxylamine succinate,3
470,Semicarbazide hydrochloride,3
471,3-Chloro-2-methylpropene. technical grade,2B
472,CI Basic Red 9,2B
473,2-Nitronaphthalene,3
474,Methylazoxymethanol acetate,2B
475,Vinyl bromide,2A
476,Chlorofluoromethane,3
477,Methyl carbamate,3
478,Sulfasalazine,2B
479,9-Nitroanthracene,3
480,5-Nitroacenaphthene,2B
481,Oxazepam,2B
482,2.6-Dinitrotoluene,2B
483,2-Nitrofluorene,2B
484,2.6-Dichloro-<i>para</i>-phenylenediamine,3
485,<i>N</i>.<i>N</i>'-Diacetylbenzidine,2B
486,2.4-Diaminoanisole,2B
487,<i>N</i>-Methyl-<i>N</i>-nitrosourethane,2B
488,3.5-Dinitrotoluene,3
489,<i>N</i>-Nitrosodi-<i>n</i>-propylamine,2B
490,<i>n</i>-Propyl carbamate,3
491,1.1.1.2-Tetrachloroethane,2B
492,Dibromoacetic acid,2B
493,Magenta,2B
494,Clofibrate,3
495,Dihydroaceanthrylene,3
496,Hexamethylphosphoramide,2B
497,<i>N</i>-Methyl-<i>N</i>-nitrosourea,2A
498,2-Methylimidazole,2B
499,2-Amino-5-(5-nitro-2-furyl)-1.3.4-thiadiazole,2B
500,Sulfamethoxazole,3
501,<i>N</i>-Ethyl-<i>N</i>-nitrosourea,2A
502,Glycidaldehyde,2B
503,2-Nitropyrene,3
504,Dihydroxymethylfuratrizine (see also Panfuran S),3
505,Panfuran S (containing dihydroxymethylfuratrizine),2B
506,Aziridyl benzoquinone,3
507,Nitrovin,3
508,Trichlormethine (Trimustine hydrochloride),2B
509,4-Methylimidazole,2B
510,Dimethoxane,3
511,1-Methylphenanthrene,3
512,4.4'-Methylene bis(2-methylaniline),2B
513,Sudan I,3
514,Temazepam,3
515,Dimethyl hydrogen phosphite,3
516,3-Nitrofluoranthene,3
517,Amaranth,3
518,<i>N</i>-Nitrosodi-<i>n</i>-butylamine,2B
519,<i>N</i>-Nitrosopyrrolidine,2B
520,Rhodamine 6G,3
521,Glyphosate,2A
522,2-(1-Aziridinyl)ethanol,3
523,<i>N</i>-Nitrosodiethanolamine,2B
524,1.3-Propane sultone,2A
525,Dithranol,3
526,Decabromodiphenyl oxide,3
527,Gallium arsenide (see Arsenic and inorganic arsenic compounds),unknown
528,Ferric oxide,3
529,Antimony trioxide,2B
530,Vanadium pentoxide,2B
531,Haematite,3
532,Zeolites other than erionite (clinoptilolite. phillipsite.mordenite. non-fibrous Japanese zeolite. synthetic zeolites),3
533,Xylenes,3
534,Asbestos (all forms. including actinolite. amosite. anthophyllite. chrysotile. crocidolite. tremolite),1
535,Molybdenum trioxide,2B
536,Carbon black,2B
537,Polychlorinated biphenyls,1
538,Iron sorbitol-citric acid complex,3
539,Antimony trisulfide,3
540,Tannic acid and tannins,3
541,Aflatoxins,1
542,1.2:3.4-Diepoxybutane (see <i>Monographs</i> on 1.3-Butadiene),unknown
543,Trifluralin,3
544,1.2-Diethylhydrazine,2B
545,Methyl <i>tert</i>-butyl ether,3
546,Bisphenol A diglycidyl ether (Araldite),3
547,4-Hydroxyazobenzene,3
548,Benzyl violet 4B,2B
549,6-Methylchrysene,3
550,3-Methylfluoranthene,3
551,2.3.7.8-Tetrachlorodibenzo-<i>para</i>-dioxin,1
552,Nitrofen (technical-grade),2B
553,Chlorothalonil,2B
554,Atrazine,3
555,Picloram,3
556,CI Orange G,3
557,Orange G (see CI Orange G),unknown
558,CI Direct Black 38 (see Benzidine. dyes metabolized to),unknown
559,Triethylene glycol diglycidyl ether,3
560,Vincristine sulfate,3
561,Fluometuron,3
562,Bis(1-aziridinyl)morpholinophosphine sulfide,3
563,1.5-Naphthalenediamine,3
564,Diallate,3
565,Senkirkine,3
566,Fast Green FCF,3
567,Mirex,2B
568,Bis(2.3-epoxycyclopentyl)ether ,3
569,Captafol,2A
570,CI Pigment Red 3,3
571,CI Direct Blue 15,2B
572,11-Aminoundecanoic acid,3
573,Disperse Blue 1,2B
574,CI Direct Blue 6 (see Benzidine. dyes metabolized to),unknown
575,Oil Orange SS,2B
576,Agaritine,3
577,Sunset Yellow FCF,3
578,HC Blue No. 1,2B
579,Disperse Yellow 3,3
580,Allyl isovalerate,3
581,HC Red No. 3,3
582,Prazepam,3
583,Diisopropyl sulfate,2B
584,Dichloroacetonitrile,3
585,beta-Butyrolactone,2B
586,Sudan II,3
587,1.5-Naphthalene diisocyanate,3
588,Dibromoacetonitrile,2B
589,2.2-Bis(bromomethyl)propane-1.3-diol,2B
590,1-Methylchrysene,3
591,4-Methylchrysene,3
592,3-Methylchrysene,3
593,2-Methylchrysene,3
594,Ponceau 3R,2B
595,Carmoisine,3
596,2-(2-Formylhydrazino)-4-(5-nitro-2-furyl)thiazole,2B
597,AF-2 [2-(2-Furyl)-3-(5-nitro-2-furyl)acrylamide],2B
598,5-Methylchrysene,2B
599,Ponceau MX,2B
600,Nafenopin,2B
601,Isophosphamide,3
602,5-(Morpholinomethyl)-3-[(5-nitrofurfurylidene)­amino]-2-oxazolidinone,2B
603,Brilliant Blue FCF. disodium salt,3
604,4.5'.8-Trimethylpsoralen,3
605,Crotonaldehyde,3
606,Dacarbazine,2B
607,Ponceau SX,3
608,<i>N</i>-Nitrosomethylvinylamine,2B
609,5-Aminoacenaphthene,3
610,Guinea Green B,3
611,4-Chloro-<i>meta</i>-phenylenediamine,3
612,Light Green SF,3
613,D & C Red No. 9,3
614,1.4-Diamino-2-nitrobenzene,3
615,Dibenzo[<i>a</i>.<i>e</i>]fluoranthene,3
616,Glycidyl oleate,3
617,Ethyl selenac,3
618,1-Nitropyrene,2A
619,Bromochloroacetic acid,2B
620,<i>d</i>-Limonene,3
621,Chlordimeform,3
622,Citrus Red No. 2,2B
623,Sudan Red 7B,3
624,CI Acid Orange 3,3
625,Sudan Brown RR,3
626,CI Acid Red 114,2B
627,Aflatoxin M1,2B
628,Jacobine,3
629,5.6-Cyclopenteno-1.2-benzanthracene,3
630,Methylene blue,3
631,Mercury and inorganic mercury compounds,3
632,Plutonium,1
633,Thorium-232 and its decay products,1
634,Arsenic and inorganic arsenic compounds,1
635,Beryllium and beryllium compounds,1
636,Cadmium and cadmium compounds,1
637,Chromium. metallic,3
638,Cobalt and cobalt compounds,2B
639,Cobalt metal without tungsten carbide,2B
640,Cobalt metal with tungsten carbide,2A
641,Sulfur dioxide,3
642,Glycidyl stearate,3
643,Zalcitabine,2B
644,6-Nitrochrysene,2A
645,<i>N</i>-Nitrosoproline,3
646,Dichloroacetylene,3
647,Silica. amorphous,3
648,Hydrochloric acid,3
649,Strong-inorganic-acid mists containing sulfuric acid (see Acid mists),unknown
650,Hydrogen peroxide,3
651,Potassium bromate,2B
652,Sodium chlorite,3
653,Selenium and selenium compounds,3
654,Toxaphene (Polychlorinated camphenes),2B
655,Terpene polychlorinates (Strobane®),3
656,Creosotes,2A
657,Crude oil,3
658,Acriflavinium chloride,3
659,Saccharated iron oxide,3
660,Carrageenan. native,3
661,Kava extract,2B
662,Polytetrafluoroethylene,3
663,Polyvinyl chloride,3
664,Polyethylene,3
665,Polyvinyl alcohol,3
666,Polyacrylic acid,3
667,Polypropylene,3
668,Polyvinyl acetate,3
669,Vinyl chloride-vinyl acetate copolymers,3
670,Polyvinyl pyrrolidone,3
671,Polystyrene,3
672,Styrene-acrylonitrile copolymers,3
673,Styrene-butadiene copolymers,3
674,Iron-dextrin complex,3
675,Iron-dextran complex,2B
676,Polyurethane foams,3
677,Polychloroprene,3
678,Vinylidene chloride-vinyl chloride copolymers,3
679,Polymethyl methacrylate,3
680,Polymethylene polyphenyl isocyanate,3
681,Cobalt sulfate and other soluble cobalt(II) salts,2B
682,Radon-222 and its decay products,1
683,Sterigmatocystin,2B
684,Parasorbic acid,3
685,Copper 8-hydroxyquinoline,3
686,Tamoxifen,1
687,<i>N</i>-Nitrosomethylethylamine,2B
688,Chloramine,3
689,Bleomycins,2B
690,Vitamin K substances,3
691,Tungsten carbide with cobalt metal (see Cobalt metal with tungsten carbide),unknown
692,Zineb,3
693,Attapulgite (see Palygorskite),unknown
694,Palygorskite (Attapulgite) (long fibres. > 5 micrometres),2B
695,Palygorskite (Attapulgite)(short fibres. < 5 micrometres),3
696,Aurothioglucose,3
697,Maneb,3
698,Cyclochlorotine,3
699,1-(2-Chloroethyl)-3-cyclohexyl-1-nitrosourea (CCNU),2A
700,Medphalan,3
701,Radium-224 and its decay products,1
702,<i>N</i>-Nitrososarcosine,2B
703,Rifampicin,3
704,Titanium dioxide,2B
705,1.2-Bis(chloromethoxy)ethane,3
706,1-(2-Chloroethyl)-3-(4-methylcyclohexyl)-1-nitrosourea (Methyl-CCNU) (see Semustine),unknown
707,Semustine [1-(2-Chloroethyl)-3-(4-methylcyclohexyl)-1-nitrosourea. Methyl-CCNU],1
708,Radium-226 and its decay products,1
709,Wollastonite,3
710,3.3′.4.4′-Tetrachloroazobenzene,2A
711,Ferbam,3
712,Phosphorus-32. as phosphate,1
713,Talc containing asbestiform fibres (see Asbestos),unknown
714,Talc not containing asbestos or asbestiform fibres,3
715,Talc-based body powder (perineal use of),2B
716,Silica dust. crystalline. in the form of quartz or cristobalite,1
717,Cycasin,2B
718,Eosin,3
719,Radium-228 and its decay products,1
720,Sepiolite,3
721,Isatidine,3
722,Cisplatin,2A
723,2.2'.5.5'-Tetrachlorobenzidine,3
724,Chromium (III) compounds,3
725,CI Direct Brown 95 (see Benzidine. dyes metabolized to),unknown
726,<i>N</i>'-Nitrosonornicotine (NNN) and 4-(<i>N</i>-Nitrosomethylamino)-1-(3-pyridyl)-1-butanone (NNK),1
727,Gyromitrin,3
728,Fluorides (inorganic. used in drinking-water),3
729,3-Nitrobenzanthrone,2B
730,Chromium (VI) compounds,1
731,Streptozotocin,2B
732,3-Carbethoxypsoralen,3
733,7-Nitrobenz[<i>a</i>]anthracene,3
734,3-Nitroperylene,3
735,Digoxin,2B
736,Daunomycin,2B
737,Ethyl tellurac,3
738,T2-Trichothecene,3
739,Luteoskyrin,3
740,Tetrachlorvinphos,2B
741,1.4-Dimethylphenanthrene,3
742,Indium phosphide,2A
743,3.9-Dinitrofluoranthene,2B
744,Symphytine,3
745,Oestradiol mustard,3
746,Adriamycin,2A
747,Riddelliine,2B
748,Hycanthone mesylate,3
749,Rugulosin,3
750,Potassium bis(2-hydroxyethyl)dithiocarbamate,3
751,<i>cis</i>-9.10-Epoxystearic acid,3
752,<i>para</i>-Aramid fibrils,3
753,Vinyl toluene,3
754,Butylated hydroxyanisole (BHA),2B
755,Nylon 6,3
756,Acepyrene (3.4-dihydrocyclopenta[<i>cd</i>]pyrene),3
757,Gemfibrozil,3
758,<i>trans</i>-2-[(Dimethylamino)methylimino]-5-[2-(5-nitro-2-furyl)-vinyl]-1.3.4-oxadiazole,2B
759,A-alpha-C (2-Amino-9<i>H</i>-pyrido[2.3-<i>b</i>]indole),2B
760,Ripazepam,3
761,Toluene diisocyanates,2B
762,Hydroxysenkirkine,3
763,Cyclopenta[<i>cd</i>]pyrene,2A
764,3.3'-Dichloro-4.4'-diaminodiphenyl ether,2B
765,Prednimustine,3
766,<i>N</i>-Nitrosofolic acid,3
767,Teniposide,2A
768,Estazolam,3
769,<i>N</i>-Nitrosohydroxyproline,3
770,Zidovudine (AZT),2B
771,HC Blue No. 2,3
772,Etoposide,1
773,Etoposide in combination with cisplatin and bleomycin,1
774,2-Methylfluoranthene,3
775,Pentosan polysulfate sodium,2B
776,<i>N</i>'-Nitrosoanabasine (NAB),3
777,1.2.3-Tris(chloromethoxy)propane,3
778,Doxefazepam,3
779,1.6-Dinitropyrene,2B
780,1.8-Dinitropyrene,2B
781,Indium tin oxide,2B
782,Amsacrine,2B
783,Cimetidine,3
784,Fenvalerate,3
785,Permethrin,3
786,Deltamethrin,3
787,Carrageenan. degraded (Poligeenan),2B
788,Poligeenan (see Carrageenan. degraded),unknown
789,Chlorozotocin,2A
790,<i>N</i>-Nitrosoguvacine,3
791,<i>N</i>-Nitrosoguvacoline,3
792,1.4-Bis(chloromethoxymethyl)benzene,3
793,1-<i>tert</i>-Butoxypropan-2-ol,2B
794,2.3.4.7.8-Pentachlorodibenzofuran,1
795,3.4.5.3’.4’-Pentachlorobiphenyl (PCB-126),1
796,4-Nitropyrene,2B
797,Aciclovir,3
798,Polybrominated biphenyls,2A
799,HC Yellow No. 4,3
800,Ciclosporin (see Cyclosporine),unknown
801,Cyclosporine,1
802,Petasitenine,3
803,3-(<i>N</i>-Nitrosomethylamino)propionitrile,2B
804,Trp-P-1 (3-Amino-1.4-dimethyl-5<i>H</i>-pyrido[4.3-<i>b</i>]indole),2B
805,Trp-P-2 (3-Amino-1-methyl-5<i>H</i>-pyrido[4.3-<i>b</i>]indole),2B
806,6-Nitrobenzo[<i>a</i>]pyrene,3
807,Arsenobetaine and other organic arsenic compounds that are not metabolized in humans,3
808,Mitoxantrone,2B
809,Erionite,1
810,Glu-P-2 (2-Aminodipyrido[1.2-<i>a</i>:3'.2'-<i>d</i>]imidazole),2B
811,Glu-P-1 (2-Amino-6-methyldipyrido[1.2-<i>a</i>:3'.2'-<i>d</i>]imidazole),2B
812,MeA-alpha-C (2-Amino-3-methyl-9<i>H</i>-pyrido[2.3-<i>b</i>]indole),2B
813,Shale oils,1
814,Coconut oil diethanolamine condensate,2B
815,Didanosine,3
816,<i>N</i>'-Nitrosoanatabine (NAT),3
817,1.3-Dinitropyrene,2B
818,IQ (2-Amino-3-methylimidazo[4.5-<i>f</i>]quinoline),2A
819,MeIQ (2-Amino-3.4-dimethylimidazo[4.5-<i>f</i>]quinoline),2B
820,3-Chloro-4-(dichloromethyl)-5-hydroxy-2(5<i>H</i>)-furanone,2B
821,MeIQx (2-Amino-3.8-dimethylimidazo[4.5-<i>f</i>]quinoxaline),2B
822,Droloxifene,3
823,Bromochloroacetonitrile,3
824,3-(<i>N</i>-Nitrosomethylamino)propionaldehyde,3
825,Pyrido[3.4-<i>c</i>]psoralen,3
826,7-Methylpyrido[3.4-<i>c</i>]psoralen,3
827,Ptaquiloside,3
828,Toremifene,3
829,<i>Ginkgo biloba</i> extract,2B
830,<i>N</i>-Methylolacrylamide,3
831,Microcystin-LR,2B
832,PhIP (2-Amino-1-methyl-6-phenylimidazo[4.5-<i>b</i>]pyridine),2B
833,3.7-Dinitrofluoranthene,2B
834,Pioglitazone,2A
835,Naphtho[1.2-<i>b</i>]fluoranthene,3
836,Fumonisin B<sub>1</sub>,2B
837,<i>Fusarium moniliforme</i>. toxins derived from (fumonisin B<sub>1</sub>. fumonisin B<sub>2</sub>. and fusarin C),2B
838,Nodularins,3
839,Rosiglitazone,3
840,Carbon nanotubes. multiwalled MWCNT-7,2B
841,Carbon nanotubes. multiwalled. other than MWCNT-7,3
842,Carbon nanotubes. single-walled,3
843,Multiwalled carbon nanotubes MWCNT-7 (see Carbon nanotubes. multiwalled MWCNT-7),unknown
844,Multiwalled carbon nanotubes other than MWCNT-7 (see Carbon nanotubes. multiwalled. other than MWCNT-7),unknown
845,Single-walled carbon nanotubes (see Carbon nanotubes. single-walled),unknown
846,Silicon carbide. fibrous,2B
847,Silicon carbide whiskers,2A
848,Acheson process. occupational exposure associated with,1
849,Acid mists. strong inorganic,1
850,Acrylic fibres,3
851,Acrylonitrile-butadiene-styrene copolymers,3
852,Alcoholic beverages,1
853,<i>Aloe vera</i>. whole leaf extract,2B
854,Anaesthetics. volatile,3
855,Androgenic (anabolic) steroids,2A
856,Areca nut,1
857,Benzidine. dyes metabolized to,1
858,Bisulfites,3
859,Bracken fern,2B
860,Chlorinated drinking-water,3
861,Chlorinated paraffins of average carbon chain length C12 and average degree of chlorination approximately 60%,2B
862,Chlorophenols (see Polychlorophenols),unknown
863,Chlorophenoxy herbicides,2B
864,Coffee (drinking),3
865,Dyes metabolized to benzidine (see Benzidine. dyes metabolized to),unknown
866,Estrogen-progestogen oral contraceptives (combined),1
867,Fluoro-edenite fibrous amphibole,1
868,<i>Fusarium graminearum</i>. <i>F. culmorum</i>. and <i>F. crookwellense</i>. toxins derived from (zearalenone. deoxynivalenol. nivalenol. and fusarenone X),3
869,<i>Fusarium sporotrichioides</i>. toxins derived from (T-2 toxin),3
870,Goldenseal root powder,2B
871,Hexachlorocyclohexanes,2B
872,Hypochlorite salts,3
873,Isopropyl oils,3
874,Madder root (<i>Rubia tinctorum</i>),3
875,Mate. not very hot (drinking),3
876,Mate. hot (see Very hot beverages),unknown
877,Metabisulfites,3
878,Methylmercury compounds,2B
879,<i>Microcystis</i> extracts,3
880,Mineral oils. highly-refined,3
881,Mineral oils. untreated or mildly treated,1
882,Modacrylic fibres,3
883,Nitrate or nitrite (ingested) under conditions that result in endogenous nitrosation,2A
884,Oestrogen (see Estrogen),unknown
885,Oral contraceptives. combined estrogen-progestogen (see Estrogen-progestogen oral contraceptives),unknown
886,Organic polymeric materials,3
887,Phenacetin. analgesic mixtures containing,1
888,Pickled vegetables (traditional Asian),2B
889,Polychlorinated biphenyls. dioxin-like. with a Toxicity Equivalency Factor (TEF) according to WHO (PCBs 77. 81. 105. 114. 118. 123. 126. 156. 157. 167. 169. 189),1
890,Polychlorinated dibenzofurans (see 2.3.4.7.8-Pentachlorodibenzofuran),3
891,Polychlorinated dibenzo-<i>para</i>-dioxins (other than 2.3.7.8-tetrachlorodibenzo-<i>para</i>-dioxin),3
892,Processed meat (consumption of),1
893,Proflavine salts,3
894,Progestins,2B
895,Progestogen-only contraceptives,2B
896,Red meat (consumption of),2A
897,Refractory ceramic fibres,2B
898,Rubber manufacturing industry,1
899,Salted fish. Chinese-style,1
900,Special-purpose fibres such as E-glass and '475' glass fibres,2B
901,Sulfites,3
902,Tea,3
903,Tetrakis(hydroxymethyl)phosphonium salts,3
904,Toxins derived from certain <i>Fusarium</i> species (see <i>Fusarium</i>),unknown
905,Urethane (see Ethyl carbamate),unknown
906,Very hot beverages at above 65 °C (drinking),2A
